"#","Id","Photo","Name","Email","Join At"
"1","122","","Leviana Riska","levi@mail.com","Sabtu, 28 November 2020"
"2","121","","Camden Bergstrom","dreynolds@example.org","Sabtu, 28 November 2020"
"3","120","","Kiel Boehm","ifahey@example.net","Sabtu, 28 November 2020"
"4","119","","Corene O'Keefe","barney.jast@example.net","Sabtu, 28 November 2020"
"5","118","","Ettie Nitzsche","joey.fadel@example.net","Sabtu, 28 November 2020"
"6","117","","Maya Lindgren Sr.","kiehn.brooks@example.com","Sabtu, 28 November 2020"
"7","116","","Mr. Charley Kuphal","sheidenreich@example.org","Sabtu, 28 November 2020"
"8","115","","Kelvin Senger","bradford.little@example.com","Sabtu, 28 November 2020"
"9","114","","Liliane Bernier","nrosenbaum@example.org","Sabtu, 28 November 2020"
"10","113","","Caroline Welch","gottlieb.eugene@example.net","Sabtu, 28 November 2020"
"11","112","","Kale Kertzmann I","gbednar@example.net","Sabtu, 28 November 2020"
"12","111","","Opal Runolfsdottir","xdooley@example.com","Sabtu, 28 November 2020"
"13","110","","Adrien Johns","fermin93@example.com","Sabtu, 28 November 2020"
"14","109","","Sarai Douglas","ckoepp@example.net","Sabtu, 28 November 2020"
"15","108","","Karelle Weissnat","maggie33@example.org","Sabtu, 28 November 2020"
"16","107","","Amara Renner II","bgibson@example.com","Sabtu, 28 November 2020"
"17","106","","Prof. Retha Robel","hudson18@example.net","Sabtu, 28 November 2020"
"18","105","","Lula Ledner","rowe.jaiden@example.com","Sabtu, 28 November 2020"
"19","104","","Meda Gaylord","josianne.dicki@example.com","Sabtu, 28 November 2020"
"20","103","","Prof. Anya Rogahn","bradley.roberts@example.org","Sabtu, 28 November 2020"
"21","102","","Prof. Ole Shields MD","hettinger.saul@example.com","Sabtu, 28 November 2020"
"22","101","","Geovanny Bruen","bkassulke@example.net","Sabtu, 28 November 2020"
"23","100","","Mrs. Nora Klocko","rashawn.stokes@example.net","Sabtu, 28 November 2020"
"24","99","","Violette Schaden","baylee14@example.org","Sabtu, 28 November 2020"
"25","98","","Mr. Joseph Willms I","marlen.goldner@example.com","Sabtu, 28 November 2020"
"26","97","","Prof. Gay Ward PhD","turner.ludwig@example.org","Sabtu, 28 November 2020"
"27","96","","Ned VonRueden III","jesse85@example.com","Sabtu, 28 November 2020"
"28","95","","Emilie Homenick","baylee56@example.net","Sabtu, 28 November 2020"
"29","94","","Rodger Adams","maxwell29@example.net","Sabtu, 28 November 2020"
"30","93","","Miss Marianna Bahringer","robb97@example.org","Sabtu, 28 November 2020"
"31","92","","Yvette Aufderhar","elias.monahan@example.org","Sabtu, 28 November 2020"
"32","91","","Ms. Ines Conn III","arempel@example.org","Sabtu, 28 November 2020"
"33","90","","Lauriane Bernhard","robin.keebler@example.com","Sabtu, 28 November 2020"
"34","89","","Georgianna Rippin Sr.","sincere89@example.com","Sabtu, 28 November 2020"
"35","88","","Dr. Franz Flatley V","stokes.amie@example.net","Sabtu, 28 November 2020"
"36","87","","Miss Lily Franecki PhD","foster.williamson@example.org","Sabtu, 28 November 2020"
"37","86","","Ms. Lesly Pollich","rogelio44@example.org","Sabtu, 28 November 2020"
"38","85","","Dr. Brook Swaniawski","doyle.beatrice@example.net","Sabtu, 28 November 2020"
"39","84","","Stanley Stracke Jr.","zdickens@example.com","Sabtu, 28 November 2020"
"40","83","","Chanelle Swift","kreiger.simone@example.org","Sabtu, 28 November 2020"
"41","82","","Leo Gulgowski","mallory52@example.org","Sabtu, 28 November 2020"
"42","81","","Armani Wisozk","dorris74@example.net","Sabtu, 28 November 2020"
"43","80","","Dr. German Tillman","fstamm@example.org","Sabtu, 28 November 2020"
"44","79","","Dr. Ashlee Wyman","zella.leuschke@example.org","Sabtu, 28 November 2020"
"45","78","","Rylee Bailey","kaia.smitham@example.net","Sabtu, 28 November 2020"
"46","77","","Maria Mayer Sr.","delbert.kilback@example.org","Sabtu, 28 November 2020"
"47","76","","Ana Weissnat V","elvie26@example.com","Sabtu, 28 November 2020"
"48","75","","Mr. Fausto Crooks DVM","osanford@example.org","Sabtu, 28 November 2020"
"49","74","","Bailee Mante","malachi50@example.org","Sabtu, 28 November 2020"
"50","73","","Dr. Maryam Oberbrunner DVM","amoen@example.net","Sabtu, 28 November 2020"
"51","72","","Kaia Pfannerstill","kylee.wolf@example.com","Sabtu, 28 November 2020"
"52","71","","Kamryn Rosenbaum","pagac.william@example.com","Sabtu, 28 November 2020"
"53","70","","Ryann Klein","onie.harris@example.org","Sabtu, 28 November 2020"
"54","69","","Demond O'Hara","ckassulke@example.com","Sabtu, 28 November 2020"
"55","68","","Adela Thompson","gibson.chad@example.net","Sabtu, 28 November 2020"
"56","67","","Prof. Vern Tremblay IV","anastasia30@example.org","Sabtu, 28 November 2020"
"57","66","","Miss Kathryn Halvorson DDS","powlowski.billy@example.net","Sabtu, 28 November 2020"
"58","65","","Rodrigo Kihn","aliza12@example.com","Sabtu, 28 November 2020"
"59","64","","Myrna Lemke","hschumm@example.net","Sabtu, 28 November 2020"
"60","63","","Ariel Frami","arlo.wisozk@example.org","Sabtu, 28 November 2020"
"61","62","","Mr. Sammie McCullough","tristian.mckenzie@example.org","Sabtu, 28 November 2020"
"62","61","","Ms. Macie Kiehn","dwight.breitenberg@example.net","Sabtu, 28 November 2020"
"63","60","","Barbara Hoppe III","obeer@example.org","Sabtu, 28 November 2020"
"64","59","","Magali McClure","maxie35@example.net","Sabtu, 28 November 2020"
"65","58","","Mr. Sage Dooley DVM","avery65@example.org","Sabtu, 28 November 2020"
"66","57","","Joyce Dach","mavis.lindgren@example.org","Sabtu, 28 November 2020"
"67","56","","Janie Lebsack","kenton04@example.net","Sabtu, 28 November 2020"
"68","55","","Arjun Huel","dan.conn@example.net","Sabtu, 28 November 2020"
"69","54","","Rupert Rowe","dino.durgan@example.com","Sabtu, 28 November 2020"
"70","53","","Dr. Oma Upton II","blaze63@example.net","Sabtu, 28 November 2020"
"71","52","","Adolph Prohaska","florencio.turcotte@example.com","Sabtu, 28 November 2020"
"72","51","","Marilie Trantow","remington.stoltenberg@example.net","Sabtu, 28 November 2020"
"73","50","","Maximilian Lubowitz","ivory00@example.com","Sabtu, 28 November 2020"
"74","49","","Dagmar Bernier II","tate.effertz@example.net","Sabtu, 28 November 2020"
"75","48","","Kaylah Renner MD","gmurazik@example.net","Sabtu, 28 November 2020"
"76","47","","Janelle Goyette","jordon19@example.org","Sabtu, 28 November 2020"
"77","46","","Prof. Carolanne Ankunding","laury47@example.com","Sabtu, 28 November 2020"
"78","45","","Danielle Kiehn II","ferry.eve@example.com","Sabtu, 28 November 2020"
"79","44","","Dr. Irving Bayer","zackary.heathcote@example.net","Sabtu, 28 November 2020"
"80","43","","Riley Crooks","dokon@example.net","Sabtu, 28 November 2020"
"81","42","","Mr. Holden McKenzie DVM","evan.ward@example.com","Sabtu, 28 November 2020"
"82","41","","Karley Weber II","xschimmel@example.net","Sabtu, 28 November 2020"
"83","40","","Dr. Lauryn Abbott","daniel.pattie@example.com","Sabtu, 28 November 2020"
"84","39","","Junior Bradtke","maeve.yost@example.com","Sabtu, 28 November 2020"
"85","38","","Andy Ullrich","vkrajcik@example.org","Sabtu, 28 November 2020"
"86","37","","Prof. Mitchell Towne","caden.bauch@example.com","Sabtu, 28 November 2020"
"87","36","","Lora Doyle","wisoky.norma@example.net","Sabtu, 28 November 2020"
"88","35","","Eunice Corkery","dlabadie@example.com","Sabtu, 28 November 2020"
"89","34","","Oswaldo Stokes PhD","tcole@example.org","Sabtu, 28 November 2020"
"90","33","","Wayne Marvin","miller.corwin@example.com","Sabtu, 28 November 2020"
"91","32","","Catharine Harvey","monahan.zechariah@example.net","Sabtu, 28 November 2020"
"92","31","","Julia Schmeler","eldon40@example.net","Sabtu, 28 November 2020"
"93","30","","Miss Beaulah King","sanford.vance@example.org","Sabtu, 28 November 2020"
"94","29","","Tyler Deckow","lambert91@example.com","Sabtu, 28 November 2020"
"95","28","","Antoinette Beer","dariana95@example.com","Sabtu, 28 November 2020"
"96","27","","Paula Boyer","theron.monahan@example.com","Sabtu, 28 November 2020"
"97","26","","Mr. Alexandro Goodwin DVM","mgleichner@example.com","Sabtu, 28 November 2020"
"98","25","","Helen Balistreri","sonya53@example.org","Sabtu, 28 November 2020"
"99","24","","Dr. Clair Hilpert","sven30@example.net","Sabtu, 28 November 2020"
"100","23","","Weldon Rice DDS","archibald.thiel@example.net","Sabtu, 28 November 2020"
"101","22","","Ms. Marianne Kohler","oryan@example.com","Sabtu, 28 November 2020"
"102","21","","Amelie Glover","obergstrom@example.org","Sabtu, 28 November 2020"
"103","20","","America Goodwin","gzboncak@example.net","Sabtu, 28 November 2020"
"104","19","","Kyle Hauck","deanna91@example.org","Sabtu, 28 November 2020"
"105","18","","Brendon Mohr DVM","general.stracke@example.net","Sabtu, 28 November 2020"
"106","17","","Dr. Jayden Bernier Sr.","zoe.keebler@example.net","Sabtu, 28 November 2020"
"107","16","","Prof. Jalen Ferry I","wisozk.jarvis@example.com","Sabtu, 28 November 2020"
"108","15","","Felicity Will DVM","dgorczany@example.net","Sabtu, 28 November 2020"
"109","14","","Ricky Considine IV","twelch@example.net","Sabtu, 28 November 2020"
"110","13","","Edmond Gulgowski Jr.","inolan@example.net","Sabtu, 28 November 2020"
"111","12","","Dane Barrows","waelchi.holden@example.com","Sabtu, 28 November 2020"
"112","11","","Aric Harvey","lyundt@example.com","Sabtu, 28 November 2020"
"113","10","","Frederick Kuphal I","peter42@example.com","Sabtu, 28 November 2020"
"114","9","","Jonathon Leffler","kshlerin.emilie@example.net","Sabtu, 28 November 2020"
"115","8","","Mrs. Dominique Wolff","ulegros@example.net","Sabtu, 28 November 2020"
"116","7","","Ms. Susana Kautzer IV","casandra85@example.org","Sabtu, 28 November 2020"
"117","6","","Jayden Howe","simonis.kelsie@example.org","Sabtu, 28 November 2020"
"118","5","","Dudley Heaney","reuben.boyer@example.net","Sabtu, 28 November 2020"
"119","4","","Kiley Kautzer","huels.camille@example.net","Sabtu, 28 November 2020"
"120","3","","Adolphus Hodkiewicz","hrodriguez@example.com","Sabtu, 28 November 2020"
"121","2","","King Runte","nicholaus49@example.net","Sabtu, 28 November 2020"
"122","1","","Jendra Bayu Nugraha dddd","jendra455@gmail.com","Sabtu, 28 November 2020"
